{
  "name": "Eazola Courses (Safe Test)",
  "slug": "eazola_courses_fixed",
  "description": "Safe user theme test for course selling websites",
  "author": "Eazola",
  "version": "1.0.1",
  "status": true,
  "screenshot": [
    {
      "primary": "primary.png",
      "sort": "desc"
    }
  ],
  "headerHook": [
    {
      "style": ["style"],
      "script": [],
      "blade": ["banner"]
    }
  ],
  "footerHook": [
    {
      "style": [],
      "script": ["main"],
      "blade": []
    }
  ]
}